{
    "loss": 0.17534177005290985,
    "accuracy": 0.9458333253860474
}